ID,Timestamp,Platform,Ad Type,Title,Description,Link,Position,Channel,Views,Duration,Word Count,Char Count,Reading Level,Sentiment,Sentiment Confidence,Emotional Tone,Engagement Score,CTA Strength,Urgency Level,Emotional Triggers,Predicted CTR,Estimated Daily Impressions,Estimated CPC,Quality Score,Engagement Potential,Positioning Strategy,Target Audience,Key Selling Points,Competitive Advantages,Primary Keywords,Keyword Density,Missing Opportunities,Optimization Recommendations
16,2025-08-22 11:17:17,YouTube,Video,Python for Beginners - Learn Coding with Python in 1 Hour,"Learn Python basics in just 1 hour! Perfect for beginners interested in AI and coding. ‚ö° Plus, get 6 months of PyCharm FREE with¬†...",https://www.youtube.com/watch?v=kqtD5dpn9C8,,Programming with Mosh,22497071,N/A,36,190,Easy,NEUTRAL,0.5,Neutral,9.0,None,Low,[],0.47,15225,17.97,6.3,high,Budget,beginners,"[""1 hour"", ""1 hour"", ""6 months"", ""beginner"", ""beginner""]","[""Free Content""]","[""python"", ""beginners"", ""learn"", ""coding"", ""hour""]",13.9,"[""certification"", ""job guarantee"", ""placement"", ""internship"", ""mentor""]","[""Strengthen call-to-action with action words like 'Start Learning Now' or 'Get Certified Today'"", ""Add urgency with phrases like 'Limited Time Offer' or 'Enroll Today'"", ""Include social proof like '10,000+ students' or 'Industry-recognized'"", ""Add authority indicators like 'Expert-led' or 'Industry-certified'""]"
32,2025-08-22 11:56:58,YouTube,Video,Python for Beginners - Learn Coding with Python in 1 Hour,"Learn Python basics in just 1 hour! Perfect for beginners interested in AI and coding. ‚ö° Plus, get 6 months of PyCharm FREE with¬†...",https://www.youtube.com/watch?v=kqtD5dpn9C8,,Programming with Mosh,22497071,N/A,36,190,Easy,NEUTRAL,0.5,Neutral,9.0,None,Low,[],0.47,17177,21.04,6.3,high,Budget,beginners,"[""1 hour"", ""1 hour"", ""6 months"", ""beginner"", ""beginner""]","[""Free Content""]","[""python"", ""beginners"", ""learn"", ""coding"", ""hour""]",13.9,"[""certification"", ""job guarantee"", ""placement"", ""internship"", ""mentor""]","[""Strengthen call-to-action with action words like 'Start Learning Now' or 'Get Certified Today'"", ""Add urgency with phrases like 'Limited Time Offer' or 'Enroll Today'"", ""Include social proof like '10,000+ students' or 'Industry-recognized'"", ""Add authority indicators like 'Expert-led' or 'Industry-certified'""]"
48,2025-08-22 11:58:12,YouTube,Video,Python for Beginners - Learn Coding with Python in 1 Hour,"Learn Python basics in just 1 hour! Perfect for beginners interested in AI and coding. ‚ö° Plus, get 6 months of PyCharm FREE with¬†...",https://www.youtube.com/watch?v=kqtD5dpn9C8,,Programming with Mosh,22497071,N/A,36,190,Easy,NEUTRAL,0.5,Neutral,9.0,None,Low,[],0.47,8406,23.94,6.3,high,Budget,beginners,"[""1 hour"", ""1 hour"", ""6 months"", ""beginner"", ""beginner""]","[""Free Content""]","[""python"", ""beginners"", ""learn"", ""coding"", ""hour""]",13.9,"[""certification"", ""job guarantee"", ""placement"", ""internship"", ""mentor""]","[""Strengthen call-to-action with action words like 'Start Learning Now' or 'Get Certified Today'"", ""Add urgency with phrases like 'Limited Time Offer' or 'Enroll Today'"", ""Include social proof like '10,000+ students' or 'Industry-recognized'"", ""Add authority indicators like 'Expert-led' or 'Industry-certified'""]"
4,2025-08-22 11:17:12,LinkedIn,Content Post,Want to Make $100K+ in Data Science? Start with These 6 ...,"Top 6 Courses to Jump‚ÄëStart Your Path: IBM Data Science Professional Certificate ‚Äì Master Python, SQL, machine learning, data visualization, ...",https://www.linkedin.com/pulse/want-make-100k-data-science-start-6-free-kfbhf,4,,,,33,204,Medium,POSITIVE,0.9,Professional,8.0,None,Low,[],0.76,13597,20.33,7.7,high,Premium,beginners,"[""certificate""]","[""Certification""]","[""data"", ""science"", ""start"", ""want"", ""make""]",12.1,"[""certification"", ""job guarantee"", ""placement"", ""internship"", ""mentor""]","[""Strengthen call-to-action with action words like 'Start Learning Now' or 'Get Certified Today'"", ""Add urgency with phrases like 'Limited Time Offer' or 'Enroll Today'"", ""Include social proof like '10,000+ students' or 'Industry-recognized'"", ""Add authority indicators like 'Expert-led' or 'Industry-certified'""]"
20,2025-08-22 11:56:56,LinkedIn,Content Post,Want to Make $100K+ in Data Science? Start with These 6 ...,"Top 6 Courses to Jump‚ÄëStart Your Path: IBM Data Science Professional Certificate ‚Äì Master Python, SQL, machine learning, data visualization, ...",https://www.linkedin.com/pulse/want-make-100k-data-science-start-6-free-kfbhf,4,,,,33,204,Medium,POSITIVE,0.9,Professional,8.0,None,Low,[],0.76,14888,30.67,7.7,high,Premium,beginners,"[""certificate""]","[""Certification""]","[""data"", ""science"", ""start"", ""want"", ""make""]",12.1,"[""certification"", ""job guarantee"", ""placement"", ""internship"", ""mentor""]","[""Strengthen call-to-action with action words like 'Start Learning Now' or 'Get Certified Today'"", ""Add urgency with phrases like 'Limited Time Offer' or 'Enroll Today'"", ""Include social proof like '10,000+ students' or 'Industry-recognized'"", ""Add authority indicators like 'Expert-led' or 'Industry-certified'""]"
36,2025-08-22 11:58:11,LinkedIn,Content Post,Want to Make $100K+ in Data Science? Start with These 6 ...,"Top 6 Courses to Jump‚ÄëStart Your Path: IBM Data Science Professional Certificate ‚Äì Master Python, SQL, machine learning, data visualization, ...",https://www.linkedin.com/pulse/want-make-100k-data-science-start-6-free-kfbhf,4,,,,33,204,Medium,POSITIVE,0.9,Professional,8.0,None,Low,[],0.76,10478,18.79,7.7,high,Premium,beginners,"[""certificate""]","[""Certification""]","[""data"", ""science"", ""start"", ""want"", ""make""]",12.1,"[""certification"", ""job guarantee"", ""placement"", ""internship"", ""mentor""]","[""Strengthen call-to-action with action words like 'Start Learning Now' or 'Get Certified Today'"", ""Add urgency with phrases like 'Limited Time Offer' or 'Enroll Today'"", ""Include social proof like '10,000+ students' or 'Industry-recognized'"", ""Add authority indicators like 'Expert-led' or 'Industry-certified'""]"
5,2025-08-22 11:17:12,LinkedIn,Content Post,Anaconda Python for Data Science Professional Certificate,5 courses 10 hours of content ¬∑ Explore the basics of data analysis. ¬∑ Practice using Python with hands-on projects. ¬∑ Learn how to scale your work with ...,https://www.linkedin.com/learning/paths/anaconda-python-for-data-science-professional-certificate,5,,,,36,214,Medium,POSITIVE,0.8,Professional,7.6,Medium,Low,[],1.19,9689,19.11,7.0,high,Premium,beginners,"[""10 hours"", ""certificate"", ""hands-on""]","[""Certification"", ""Practical Learning""]","[""python"", ""data"", ""anaconda"", ""science"", ""professional""]",16.7,"[""certification"", ""job guarantee"", ""placement"", ""internship"", ""mentor""]","[""Add urgency with phrases like 'Limited Time Offer' or 'Enroll Today'"", ""Include social proof like '10,000+ students' or 'Industry-recognized'"", ""Add authority indicators like 'Expert-led' or 'Industry-certified'""]"
21,2025-08-22 11:56:56,LinkedIn,Content Post,Anaconda Python for Data Science Professional Certificate,5 courses 10 hours of content ¬∑ Explore the basics of data analysis. ¬∑ Practice using Python with hands-on projects. ¬∑ Learn how to scale your work with ...,https://www.linkedin.com/learning/paths/anaconda-python-for-data-science-professional-certificate,5,,,,36,214,Medium,POSITIVE,0.8,Professional,7.6,Medium,Low,[],1.19,11935,28.34,7.0,high,Premium,beginners,"[""10 hours"", ""certificate"", ""hands-on""]","[""Certification"", ""Practical Learning""]","[""python"", ""data"", ""anaconda"", ""science"", ""professional""]",16.7,"[""certification"", ""job guarantee"", ""placement"", ""internship"", ""mentor""]","[""Add urgency with phrases like 'Limited Time Offer' or 'Enroll Today'"", ""Include social proof like '10,000+ students' or 'Industry-recognized'"", ""Add authority indicators like 'Expert-led' or 'Industry-certified'""]"
37,2025-08-22 11:58:11,LinkedIn,Content Post,Anaconda Python for Data Science Professional Certificate,5 courses 10 hours of content ¬∑ Explore the basics of data analysis. ¬∑ Practice using Python with hands-on projects. ¬∑ Learn how to scale your work with ...,https://www.linkedin.com/learning/paths/anaconda-python-for-data-science-professional-certificate,5,,,,36,214,Medium,POSITIVE,0.8,Professional,7.6,Medium,Low,[],1.19,8990,24.68,7.0,high,Premium,beginners,"[""10 hours"", ""certificate"", ""hands-on""]","[""Certification"", ""Practical Learning""]","[""python"", ""data"", ""anaconda"", ""science"", ""professional""]",16.7,"[""certification"", ""job guarantee"", ""placement"", ""internship"", ""mentor""]","[""Add urgency with phrases like 'Limited Time Offer' or 'Enroll Today'"", ""Include social proof like '10,000+ students' or 'Industry-recognized'"", ""Add authority indicators like 'Expert-led' or 'Industry-certified'""]"
2,2025-08-22 11:17:12,LinkedIn,Content Post,Data Science Professional Certificate by KNIME,"Unlock the power of data science with this comprehensive professional certificate. Gain essential skills to drive business insights, make data-driven ...",https://www.linkedin.com/learning/paths/data-science-professional-certificate-by-knime,2,,,,27,200,Difficult,POSITIVE,0.8,Professional,7.5,None,Low,[],0.63,17002,26.39,7.0,high,Premium,professionals,"[""certificate"", ""certificate""]","[""Certification""]","[""data"", ""science"", ""professional"", ""certificate"", ""knime""]",14.8,"[""certification"", ""job guarantee"", ""placement"", ""internship"", ""mentor""]","[""Strengthen call-to-action with action words like 'Start Learning Now' or 'Get Certified Today'"", ""Add urgency with phrases like 'Limited Time Offer' or 'Enroll Today'"", ""Include social proof like '10,000+ students' or 'Industry-recognized'"", ""Add authority indicators like 'Expert-led' or 'Industry-certified'""]"
12,2025-08-22 11:17:17,YouTube,Video,Python Full Course for Beginners [2025],"Master Python from scratch No fluff‚Äîjust clear, practical coding skills to kickstart your journey! ‚ù§Ô∏è Join this channel to get¬†...",https://www.youtube.com/watch?v=K5KVEU3aaeQ,,Programming with Mosh,2740210,N/A,27,170,Medium,NEUTRAL,0.5,Neutral,7.5,None,Low,[],0.39,16320,28.23,5.6,high,Mainstream,beginners,"[""beginner"", ""practical""]","[""Practical Learning""]","[""python"", ""full"", ""course"", ""beginners"", ""master""]",11.1,"[""certification"", ""job guarantee"", ""placement"", ""internship"", ""mentor""]","[""Strengthen call-to-action with action words like 'Start Learning Now' or 'Get Certified Today'"", ""Add urgency with phrases like 'Limited Time Offer' or 'Enroll Today'"", ""Include social proof like '10,000+ students' or 'Industry-recognized'"", ""Add authority indicators like 'Expert-led' or 'Industry-certified'""]"
18,2025-08-22 11:56:56,LinkedIn,Content Post,Data Science Professional Certificate by KNIME,"Unlock the power of data science with this comprehensive professional certificate. Gain essential skills to drive business insights, make data-driven ...",https://www.linkedin.com/learning/paths/data-science-professional-certificate-by-knime,2,,,,27,200,Difficult,POSITIVE,0.8,Professional,7.5,None,Low,[],0.63,17809,19.89,7.0,high,Premium,professionals,"[""certificate"", ""certificate""]","[""Certification""]","[""data"", ""science"", ""professional"", ""certificate"", ""knime""]",14.8,"[""certification"", ""job guarantee"", ""placement"", ""internship"", ""mentor""]","[""Strengthen call-to-action with action words like 'Start Learning Now' or 'Get Certified Today'"", ""Add urgency with phrases like 'Limited Time Offer' or 'Enroll Today'"", ""Include social proof like '10,000+ students' or 'Industry-recognized'"", ""Add authority indicators like 'Expert-led' or 'Industry-certified'""]"
28,2025-08-22 11:56:58,YouTube,Video,Python Full Course for Beginners [2025],"Master Python from scratch No fluff‚Äîjust clear, practical coding skills to kickstart your journey! ‚ù§Ô∏è Join this channel to get¬†...",https://www.youtube.com/watch?v=K5KVEU3aaeQ,,Programming with Mosh,2740210,N/A,27,170,Medium,NEUTRAL,0.5,Neutral,7.5,None,Low,[],0.39,7377,27.68,5.6,high,Mainstream,beginners,"[""beginner"", ""practical""]","[""Practical Learning""]","[""python"", ""full"", ""course"", ""beginners"", ""master""]",11.1,"[""certification"", ""job guarantee"", ""placement"", ""internship"", ""mentor""]","[""Strengthen call-to-action with action words like 'Start Learning Now' or 'Get Certified Today'"", ""Add urgency with phrases like 'Limited Time Offer' or 'Enroll Today'"", ""Include social proof like '10,000+ students' or 'Industry-recognized'"", ""Add authority indicators like 'Expert-led' or 'Industry-certified'""]"
34,2025-08-22 11:58:11,LinkedIn,Content Post,Data Science Professional Certificate by KNIME,"Unlock the power of data science with this comprehensive professional certificate. Gain essential skills to drive business insights, make data-driven ...",https://www.linkedin.com/learning/paths/data-science-professional-certificate-by-knime,2,,,,27,200,Difficult,POSITIVE,0.8,Professional,7.5,None,Low,[],0.63,8227,17.24,7.0,high,Premium,professionals,"[""certificate"", ""certificate""]","[""Certification""]","[""data"", ""science"", ""professional"", ""certificate"", ""knime""]",14.8,"[""certification"", ""job guarantee"", ""placement"", ""internship"", ""mentor""]","[""Strengthen call-to-action with action words like 'Start Learning Now' or 'Get Certified Today'"", ""Add urgency with phrases like 'Limited Time Offer' or 'Enroll Today'"", ""Include social proof like '10,000+ students' or 'Industry-recognized'"", ""Add authority indicators like 'Expert-led' or 'Industry-certified'""]"
44,2025-08-22 11:58:12,YouTube,Video,Python Full Course for Beginners [2025],"Master Python from scratch No fluff‚Äîjust clear, practical coding skills to kickstart your journey! ‚ù§Ô∏è Join this channel to get¬†...",https://www.youtube.com/watch?v=K5KVEU3aaeQ,,Programming with Mosh,2740210,N/A,27,170,Medium,NEUTRAL,0.5,Neutral,7.5,None,Low,[],0.39,7152,27.88,5.6,high,Mainstream,beginners,"[""beginner"", ""practical""]","[""Practical Learning""]","[""python"", ""full"", ""course"", ""beginners"", ""master""]",11.1,"[""certification"", ""job guarantee"", ""placement"", ""internship"", ""mentor""]","[""Strengthen call-to-action with action words like 'Start Learning Now' or 'Get Certified Today'"", ""Add urgency with phrases like 'Limited Time Offer' or 'Enroll Today'"", ""Include social proof like '10,000+ students' or 'Industry-recognized'"", ""Add authority indicators like 'Expert-led' or 'Industry-certified'""]"
1,2025-08-22 11:17:12,LinkedIn,Content Post,Become a Data Scientist Learning Path,"Learn about the history, roles, career paths, and industry-recognized certifications in the field of data science and analytics. 44,966 viewers Released Feb 10, ...",https://www.linkedin.com/learning/paths/become-a-data-scientist,1,,,,30,202,Medium,NEUTRAL,0.5,Professional,5.3,Weak,Low,"[""authority""]",0.4,16120,23.08,4.6,medium,Mainstream,professionals,"[""certification"", ""career""]","[""Certification"", ""Career Support""]","[""data"", ""become"", ""scientist"", ""learning"", ""path""]",13.3,"[""job guarantee"", ""placement"", ""internship"", ""mentor"", ""live classes""]","[""Strengthen call-to-action with action words like 'Start Learning Now' or 'Get Certified Today'"", ""Add urgency with phrases like 'Limited Time Offer' or 'Enroll Today'"", ""Include social proof like '10,000+ students' or 'Industry-recognized'""]"
17,2025-08-22 11:56:56,LinkedIn,Content Post,Become a Data Scientist Learning Path,"Learn about the history, roles, career paths, and industry-recognized certifications in the field of data science and analytics. 44,966 viewers Released Feb 10, ...",https://www.linkedin.com/learning/paths/become-a-data-scientist,1,,,,30,202,Medium,NEUTRAL,0.5,Professional,5.3,Weak,Low,"[""authority""]",0.4,14296,28.4,4.6,medium,Mainstream,professionals,"[""certification"", ""career""]","[""Certification"", ""Career Support""]","[""data"", ""become"", ""scientist"", ""learning"", ""path""]",13.3,"[""job guarantee"", ""placement"", ""internship"", ""mentor"", ""live classes""]","[""Strengthen call-to-action with action words like 'Start Learning Now' or 'Get Certified Today'"", ""Add urgency with phrases like 'Limited Time Offer' or 'Enroll Today'"", ""Include social proof like '10,000+ students' or 'Industry-recognized'""]"
33,2025-08-22 11:58:11,LinkedIn,Content Post,Become a Data Scientist Learning Path,"Learn about the history, roles, career paths, and industry-recognized certifications in the field of data science and analytics. 44,966 viewers Released Feb 10, ...",https://www.linkedin.com/learning/paths/become-a-data-scientist,1,,,,30,202,Medium,NEUTRAL,0.5,Professional,5.3,Weak,Low,"[""authority""]",0.4,8842,38.9,4.6,medium,Mainstream,professionals,"[""certification"", ""career""]","[""Certification"", ""Career Support""]","[""data"", ""become"", ""scientist"", ""learning"", ""path""]",13.3,"[""job guarantee"", ""placement"", ""internship"", ""mentor"", ""live classes""]","[""Strengthen call-to-action with action words like 'Start Learning Now' or 'Get Certified Today'"", ""Add urgency with phrases like 'Limited Time Offer' or 'Enroll Today'"", ""Include social proof like '10,000+ students' or 'Industry-recognized'""]"
15,2025-08-22 11:17:17,YouTube,Video,Python Full Course for free üêç (2024),python #tutorial #beginners Python tutorial for beginners' full course 2024 *Learn Python in 1 HOUR*¬†...,https://www.youtube.com/watch?v=ix9cRaBkVe0,,Bro Code,5866827,N/A,23,141,Medium,NEUTRAL,0.5,Neutral,5.0,None,Low,[],0.26,12557,36.33,5.0,medium,Budget,beginners,"[""1 hour"", ""beginner"", ""beginner""]","[""Free Content""]","[""python"", ""full"", ""course"", ""tutorial"", ""beginners""]",26.1,"[""certification"", ""job guarantee"", ""placement"", ""internship"", ""mentor""]","[""Strengthen call-to-action with action words like 'Start Learning Now' or 'Get Certified Today'"", ""Add urgency with phrases like 'Limited Time Offer' or 'Enroll Today'"", ""Include social proof like '10,000+ students' or 'Industry-recognized'"", ""Add authority indicators like 'Expert-led' or 'Industry-certified'""]"
31,2025-08-22 11:56:58,YouTube,Video,Python Full Course for free üêç (2024),python #tutorial #beginners Python tutorial for beginners' full course 2024 *Learn Python in 1 HOUR*¬†...,https://www.youtube.com/watch?v=ix9cRaBkVe0,,Bro Code,5866827,N/A,23,141,Medium,NEUTRAL,0.5,Neutral,5.0,None,Low,[],0.26,14065,31.64,5.0,medium,Budget,beginners,"[""1 hour"", ""beginner"", ""beginner""]","[""Free Content""]","[""python"", ""full"", ""course"", ""tutorial"", ""beginners""]",26.1,"[""certification"", ""job guarantee"", ""placement"", ""internship"", ""mentor""]","[""Strengthen call-to-action with action words like 'Start Learning Now' or 'Get Certified Today'"", ""Add urgency with phrases like 'Limited Time Offer' or 'Enroll Today'"", ""Include social proof like '10,000+ students' or 'Industry-recognized'"", ""Add authority indicators like 'Expert-led' or 'Industry-certified'""]"
47,2025-08-22 11:58:12,YouTube,Video,Python Full Course for free üêç (2024),python #tutorial #beginners Python tutorial for beginners' full course 2024 *Learn Python in 1 HOUR*¬†...,https://www.youtube.com/watch?v=ix9cRaBkVe0,,Bro Code,5866827,N/A,23,141,Medium,NEUTRAL,0.5,Neutral,5.0,None,Low,[],0.26,13242,24.51,5.0,medium,Budget,beginners,"[""1 hour"", ""beginner"", ""beginner""]","[""Free Content""]","[""python"", ""full"", ""course"", ""tutorial"", ""beginners""]",26.1,"[""certification"", ""job guarantee"", ""placement"", ""internship"", ""mentor""]","[""Strengthen call-to-action with action words like 'Start Learning Now' or 'Get Certified Today'"", ""Add urgency with phrases like 'Limited Time Offer' or 'Enroll Today'"", ""Include social proof like '10,000+ students' or 'Industry-recognized'"", ""Add authority indicators like 'Expert-led' or 'Industry-certified'""]"
14,2025-08-22 11:17:17,YouTube,Video,Python Full Course for Beginners,"Learn Python for AI, machine learning, and web development with this beginner-friendly course! Get 6 months of PyCharm¬†...",https://www.youtube.com/watch?v=_uQrJ0TkZlc,,Programming with Mosh,45497954,N/A,24,155,Medium,NEUTRAL,0.5,Neutral,4.5,None,Low,[],0.24,9699,37.88,4.8,medium,Mainstream,beginners,"[""6 months"", ""beginner"", ""beginner""]",[],"[""python"", ""course"", ""full"", ""beginners"", ""learn""]",16.7,"[""certification"", ""job guarantee"", ""placement"", ""internship"", ""mentor""]","[""Increase engagement by adding power words like 'certified', 'expert', or 'proven'"", ""Strengthen call-to-action with action words like 'Start Learning Now' or 'Get Certified Today'"", ""Add urgency with phrases like 'Limited Time Offer' or 'Enroll Today'"", ""Include social proof like '10,000+ students' or 'Industry-recognized'"", ""Add authority indicators like 'Expert-led' or 'Industry-certified'""]"
30,2025-08-22 11:56:58,YouTube,Video,Python Full Course for Beginners,"Learn Python for AI, machine learning, and web development with this beginner-friendly course! Get 6 months of PyCharm¬†...",https://www.youtube.com/watch?v=_uQrJ0TkZlc,,Programming with Mosh,45497954,N/A,24,155,Medium,NEUTRAL,0.5,Neutral,4.5,None,Low,[],0.24,13477,16.77,4.8,medium,Mainstream,beginners,"[""6 months"", ""beginner"", ""beginner""]",[],"[""python"", ""course"", ""full"", ""beginners"", ""learn""]",16.7,"[""certification"", ""job guarantee"", ""placement"", ""internship"", ""mentor""]","[""Increase engagement by adding power words like 'certified', 'expert', or 'proven'"", ""Strengthen call-to-action with action words like 'Start Learning Now' or 'Get Certified Today'"", ""Add urgency with phrases like 'Limited Time Offer' or 'Enroll Today'"", ""Include social proof like '10,000+ students' or 'Industry-recognized'"", ""Add authority indicators like 'Expert-led' or 'Industry-certified'""]"
46,2025-08-22 11:58:12,YouTube,Video,Python Full Course for Beginners,"Learn Python for AI, machine learning, and web development with this beginner-friendly course! Get 6 months of PyCharm¬†...",https://www.youtube.com/watch?v=_uQrJ0TkZlc,,Programming with Mosh,45497954,N/A,24,155,Medium,NEUTRAL,0.5,Neutral,4.5,None,Low,[],0.24,14817,26.2,4.8,medium,Mainstream,beginners,"[""6 months"", ""beginner"", ""beginner""]",[],"[""python"", ""course"", ""full"", ""beginners"", ""learn""]",16.7,"[""certification"", ""job guarantee"", ""placement"", ""internship"", ""mentor""]","[""Increase engagement by adding power words like 'certified', 'expert', or 'proven'"", ""Strengthen call-to-action with action words like 'Start Learning Now' or 'Get Certified Today'"", ""Add urgency with phrases like 'Limited Time Offer' or 'Enroll Today'"", ""Include social proof like '10,000+ students' or 'Industry-recognized'"", ""Add authority indicators like 'Expert-led' or 'Industry-certified'""]"
8,2025-08-22 11:17:15,Bing,Search Ad,Online Courses - 14-day Money Back Guarantee,,https://www.coursera.org ‚Ä∫ coursera_plus,3,,,,7,45,Medium,NEUTRAL,0.5,Neutral,4.2,None,Low,[],0.22,9396,18.04,4.6,medium,Mainstream,general,[],[],"[""online"", ""courses"", ""day"", ""money"", ""back""]",0.0,"[""certification"", ""job guarantee"", ""placement"", ""internship"", ""mentor""]","[""Increase engagement by adding power words like 'certified', 'expert', or 'proven'"", ""Strengthen call-to-action with action words like 'Start Learning Now' or 'Get Certified Today'"", ""Add urgency with phrases like 'Limited Time Offer' or 'Enroll Today'"", ""Include social proof like '10,000+ students' or 'Industry-recognized'"", ""Add authority indicators like 'Expert-led' or 'Industry-certified'""]"
24,2025-08-22 11:56:58,Bing,Search Ad,Online Courses - 14-day Money Back Guarantee,,https://www.coursera.org ‚Ä∫ coursera_plus,3,,,,7,45,Medium,NEUTRAL,0.5,Neutral,4.2,None,Low,[],0.22,13185,34.12,4.6,medium,Mainstream,general,[],[],"[""online"", ""courses"", ""day"", ""money"", ""back""]",0.0,"[""certification"", ""job guarantee"", ""placement"", ""internship"", ""mentor""]","[""Increase engagement by adding power words like 'certified', 'expert', or 'proven'"", ""Strengthen call-to-action with action words like 'Start Learning Now' or 'Get Certified Today'"", ""Add urgency with phrases like 'Limited Time Offer' or 'Enroll Today'"", ""Include social proof like '10,000+ students' or 'Industry-recognized'"", ""Add authority indicators like 'Expert-led' or 'Industry-certified'""]"
40,2025-08-22 11:58:11,Bing,Search Ad,Online Courses - 14-day Money Back Guarantee,,https://www.coursera.org ‚Ä∫ coursera_plus,3,,,,7,45,Medium,NEUTRAL,0.5,Neutral,4.2,None,Low,[],0.22,9807,32.93,4.6,medium,Mainstream,general,[],[],"[""online"", ""courses"", ""day"", ""money"", ""back""]",0.0,"[""certification"", ""job guarantee"", ""placement"", ""internship"", ""mentor""]","[""Increase engagement by adding power words like 'certified', 'expert', or 'proven'"", ""Strengthen call-to-action with action words like 'Start Learning Now' or 'Get Certified Today'"", ""Add urgency with phrases like 'Limited Time Offer' or 'Enroll Today'"", ""Include social proof like '10,000+ students' or 'Industry-recognized'"", ""Add authority indicators like 'Expert-led' or 'Industry-certified'""]"
7,2025-08-22 11:17:15,Bing,Search Ad,Coding Course - Coding Training - Start A Career In Coding,,https://itcareerswitch.co.uk,2,,,,11,59,Easy,NEUTRAL,0.5,Neutral,4.1,None,Low,[],0.22,8815,35.45,4.5,medium,Mainstream,beginners,"[""career""]","[""Career Support""]","[""coding"", ""course"", ""training"", ""start"", ""career""]",18.2,"[""certification"", ""job guarantee"", ""placement"", ""internship"", ""mentor""]","[""Increase engagement by adding power words like 'certified', 'expert', or 'proven'"", ""Strengthen call-to-action with action words like 'Start Learning Now' or 'Get Certified Today'"", ""Add urgency with phrases like 'Limited Time Offer' or 'Enroll Today'"", ""Include social proof like '10,000+ students' or 'Industry-recognized'"", ""Add authority indicators like 'Expert-led' or 'Industry-certified'""]"
23,2025-08-22 11:56:58,Bing,Search Ad,Coding Course - Coding Training - Start A Career In Coding,,https://itcareerswitch.co.uk,2,,,,11,59,Easy,NEUTRAL,0.5,Neutral,4.1,None,Low,[],0.22,15055,30.69,4.5,medium,Mainstream,beginners,"[""career""]","[""Career Support""]","[""coding"", ""course"", ""training"", ""start"", ""career""]",18.2,"[""certification"", ""job guarantee"", ""placement"", ""internship"", ""mentor""]","[""Increase engagement by adding power words like 'certified', 'expert', or 'proven'"", ""Strengthen call-to-action with action words like 'Start Learning Now' or 'Get Certified Today'"", ""Add urgency with phrases like 'Limited Time Offer' or 'Enroll Today'"", ""Include social proof like '10,000+ students' or 'Industry-recognized'"", ""Add authority indicators like 'Expert-led' or 'Industry-certified'""]"
39,2025-08-22 11:58:11,Bing,Search Ad,Coding Course - Coding Training - Start A Career In Coding,,https://itcareerswitch.co.uk,2,,,,11,59,Easy,NEUTRAL,0.5,Neutral,4.1,None,Low,[],0.22,13657,24.1,4.5,medium,Mainstream,beginners,"[""career""]","[""Career Support""]","[""coding"", ""course"", ""training"", ""start"", ""career""]",18.2,"[""certification"", ""job guarantee"", ""placement"", ""internship"", ""mentor""]","[""Increase engagement by adding power words like 'certified', 'expert', or 'proven'"", ""Strengthen call-to-action with action words like 'Start Learning Now' or 'Get Certified Today'"", ""Add urgency with phrases like 'Limited Time Offer' or 'Enroll Today'"", ""Include social proof like '10,000+ students' or 'Industry-recognized'"", ""Add authority indicators like 'Expert-led' or 'Industry-certified'""]"
3,2025-08-22 11:17:12,LinkedIn,Content Post,Career Essentials in Data Analysis by Microsoft and LinkedIn,"This course covers foundational data analysis skills such as thinking like an analyst, gathering useful data, SQL queries, data cleaning, and more.",https://www.linkedin.com/learning/paths/career-essentials-in-data-analysis-by-microsoft-and-linkedin,3,,,,31,208,Medium,NEUTRAL,0.5,Neutral,2.8,None,Low,[],0.15,9581,25.51,3.5,low,Mainstream,professionals,"[""career""]","[""Career Support""]","[""data"", ""analysis"", ""career"", ""essentials"", ""microsoft""]",12.9,"[""certification"", ""job guarantee"", ""placement"", ""internship"", ""mentor""]","[""Increase engagement by adding power words like 'certified', 'expert', or 'proven'"", ""Strengthen call-to-action with action words like 'Start Learning Now' or 'Get Certified Today'"", ""Add urgency with phrases like 'Limited Time Offer' or 'Enroll Today'"", ""Include social proof like '10,000+ students' or 'Industry-recognized'"", ""Add authority indicators like 'Expert-led' or 'Industry-certified'""]"
19,2025-08-22 11:56:56,LinkedIn,Content Post,Career Essentials in Data Analysis by Microsoft and LinkedIn,"This course covers foundational data analysis skills such as thinking like an analyst, gathering useful data, SQL queries, data cleaning, and more.",https://www.linkedin.com/learning/paths/career-essentials-in-data-analysis-by-microsoft-and-linkedin,3,,,,31,208,Medium,NEUTRAL,0.5,Neutral,2.8,None,Low,[],0.15,7843,27.62,3.5,low,Mainstream,professionals,"[""career""]","[""Career Support""]","[""data"", ""analysis"", ""career"", ""essentials"", ""microsoft""]",12.9,"[""certification"", ""job guarantee"", ""placement"", ""internship"", ""mentor""]","[""Increase engagement by adding power words like 'certified', 'expert', or 'proven'"", ""Strengthen call-to-action with action words like 'Start Learning Now' or 'Get Certified Today'"", ""Add urgency with phrases like 'Limited Time Offer' or 'Enroll Today'"", ""Include social proof like '10,000+ students' or 'Industry-recognized'"", ""Add authority indicators like 'Expert-led' or 'Industry-certified'""]"
35,2025-08-22 11:58:11,LinkedIn,Content Post,Career Essentials in Data Analysis by Microsoft and LinkedIn,"This course covers foundational data analysis skills such as thinking like an analyst, gathering useful data, SQL queries, data cleaning, and more.",https://www.linkedin.com/learning/paths/career-essentials-in-data-analysis-by-microsoft-and-linkedin,3,,,,31,208,Medium,NEUTRAL,0.5,Neutral,2.8,None,Low,[],0.15,6813,17.15,3.5,low,Mainstream,professionals,"[""career""]","[""Career Support""]","[""data"", ""analysis"", ""career"", ""essentials"", ""microsoft""]",12.9,"[""certification"", ""job guarantee"", ""placement"", ""internship"", ""mentor""]","[""Increase engagement by adding power words like 'certified', 'expert', or 'proven'"", ""Strengthen call-to-action with action words like 'Start Learning Now' or 'Get Certified Today'"", ""Add urgency with phrases like 'Limited Time Offer' or 'Enroll Today'"", ""Include social proof like '10,000+ students' or 'Industry-recognized'"", ""Add authority indicators like 'Expert-led' or 'Industry-certified'""]"
9,2025-08-22 11:17:15,Bing,Search Ad,Online programming courses - 100% Updated Course,,https://www.udemy.com ‚Ä∫ Course ‚Ä∫ React,4,,,,7,49,Difficult,NEUTRAL,0.5,Neutral,2.0,None,Low,[],0.11,4331,35.31,3.5,low,Mainstream,general,[],[],"[""online"", ""programming"", ""courses"", ""updated"", ""course""]",14.3,"[""certification"", ""job guarantee"", ""placement"", ""internship"", ""mentor""]","[""Increase engagement by adding power words like 'certified', 'expert', or 'proven'"", ""Strengthen call-to-action with action words like 'Start Learning Now' or 'Get Certified Today'"", ""Add urgency with phrases like 'Limited Time Offer' or 'Enroll Today'"", ""Include social proof like '10,000+ students' or 'Industry-recognized'"", ""Add authority indicators like 'Expert-led' or 'Industry-certified'""]"
13,2025-08-22 11:17:17,YouTube,Video,3 Python Practice Tools You Need to Know,"3 Python coding practice tools that you need to know ‚Äç  ‚ú® Follow @sundaskhalidd for data science, tech, and AI educational¬†...",https://www.youtube.com/watch?v=yENkhyGmL_c,,Sundas Khalid,92381,N/A,30,167,Medium,NEUTRAL,0.5,Urgent,2.0,None,Medium,"[""urgency""]",0.11,4353,29.7,3.1,low,Mainstream,general,[],[],"[""python"", ""practice"", ""tools"", ""need"", ""know""]",10.0,"[""certification"", ""job guarantee"", ""placement"", ""internship"", ""mentor""]","[""Increase engagement by adding power words like 'certified', 'expert', or 'proven'"", ""Strengthen call-to-action with action words like 'Start Learning Now' or 'Get Certified Today'"", ""Include social proof like '10,000+ students' or 'Industry-recognized'"", ""Add authority indicators like 'Expert-led' or 'Industry-certified'""]"
25,2025-08-22 11:56:58,Bing,Search Ad,Online programming courses - 100% Updated Course,,https://www.udemy.com ‚Ä∫ Course ‚Ä∫ React,4,,,,7,49,Difficult,NEUTRAL,0.5,Neutral,2.0,None,Low,[],0.11,12552,40.32,3.5,low,Mainstream,general,[],[],"[""online"", ""programming"", ""courses"", ""updated"", ""course""]",14.3,"[""certification"", ""job guarantee"", ""placement"", ""internship"", ""mentor""]","[""Increase engagement by adding power words like 'certified', 'expert', or 'proven'"", ""Strengthen call-to-action with action words like 'Start Learning Now' or 'Get Certified Today'"", ""Add urgency with phrases like 'Limited Time Offer' or 'Enroll Today'"", ""Include social proof like '10,000+ students' or 'Industry-recognized'"", ""Add authority indicators like 'Expert-led' or 'Industry-certified'""]"
29,2025-08-22 11:56:58,YouTube,Video,3 Python Practice Tools You Need to Know,"3 Python coding practice tools that you need to know ‚Äç  ‚ú® Follow @sundaskhalidd for data science, tech, and AI educational¬†...",https://www.youtube.com/watch?v=yENkhyGmL_c,,Sundas Khalid,92381,N/A,30,167,Medium,NEUTRAL,0.5,Urgent,2.0,None,Medium,"[""urgency""]",0.11,4628,23.28,3.1,low,Mainstream,general,[],[],"[""python"", ""practice"", ""tools"", ""need"", ""know""]",10.0,"[""certification"", ""job guarantee"", ""placement"", ""internship"", ""mentor""]","[""Increase engagement by adding power words like 'certified', 'expert', or 'proven'"", ""Strengthen call-to-action with action words like 'Start Learning Now' or 'Get Certified Today'"", ""Include social proof like '10,000+ students' or 'Industry-recognized'"", ""Add authority indicators like 'Expert-led' or 'Industry-certified'""]"
41,2025-08-22 11:58:11,Bing,Search Ad,Online programming courses - 100% Updated Course,,https://www.udemy.com ‚Ä∫ Course ‚Ä∫ React,4,,,,7,49,Difficult,NEUTRAL,0.5,Neutral,2.0,None,Low,[],0.11,10961,22.5,3.5,low,Mainstream,general,[],[],"[""online"", ""programming"", ""courses"", ""updated"", ""course""]",14.3,"[""certification"", ""job guarantee"", ""placement"", ""internship"", ""mentor""]","[""Increase engagement by adding power words like 'certified', 'expert', or 'proven'"", ""Strengthen call-to-action with action words like 'Start Learning Now' or 'Get Certified Today'"", ""Add urgency with phrases like 'Limited Time Offer' or 'Enroll Today'"", ""Include social proof like '10,000+ students' or 'Industry-recognized'"", ""Add authority indicators like 'Expert-led' or 'Industry-certified'""]"
45,2025-08-22 11:58:12,YouTube,Video,3 Python Practice Tools You Need to Know,"3 Python coding practice tools that you need to know ‚Äç  ‚ú® Follow @sundaskhalidd for data science, tech, and AI educational¬†...",https://www.youtube.com/watch?v=yENkhyGmL_c,,Sundas Khalid,92381,N/A,30,167,Medium,NEUTRAL,0.5,Urgent,2.0,None,Medium,"[""urgency""]",0.11,7703,38.3,3.1,low,Mainstream,general,[],[],"[""python"", ""practice"", ""tools"", ""need"", ""know""]",10.0,"[""certification"", ""job guarantee"", ""placement"", ""internship"", ""mentor""]","[""Increase engagement by adding power words like 'certified', 'expert', or 'proven'"", ""Strengthen call-to-action with action words like 'Start Learning Now' or 'Get Certified Today'"", ""Include social proof like '10,000+ students' or 'Industry-recognized'"", ""Add authority indicators like 'Expert-led' or 'Industry-certified'""]"
6,2025-08-22 11:17:15,Bing,Search Ad,Online Coding Course - Coding Course - Largest US Tech Bootcamp,,https://generalassemb.ly ‚Ä∫ Software ‚Ä∫ Coding,1,,,,11,64,Medium,NEUTRAL,0.5,Neutral,1.0,None,Low,[],0.05,11368,30.87,3.0,low,Mainstream,general,[],[],"[""coding"", ""course"", ""online"", ""largest"", ""tech""]",18.2,"[""certification"", ""job guarantee"", ""placement"", ""internship"", ""mentor""]","[""Increase engagement by adding power words like 'certified', 'expert', or 'proven'"", ""Strengthen call-to-action with action words like 'Start Learning Now' or 'Get Certified Today'"", ""Add urgency with phrases like 'Limited Time Offer' or 'Enroll Today'"", ""Include social proof like '10,000+ students' or 'Industry-recognized'"", ""Add authority indicators like 'Expert-led' or 'Industry-certified'""]"
10,2025-08-22 11:17:15,Bing,Search Ad,Online Training Platforms - Training Automation Software,,https://cloudassess.com ‚Ä∫ uk ‚Ä∫ lms,5,,,,7,57,Difficult,NEUTRAL,0.5,Neutral,1.0,None,Low,[],0.05,8769,33.15,3.0,low,Mainstream,general,[],[],"[""training"", ""online"", ""platforms"", ""automation"", ""software""]",28.6,"[""certification"", ""job guarantee"", ""placement"", ""internship"", ""mentor""]","[""Increase engagement by adding power words like 'certified', 'expert', or 'proven'"", ""Strengthen call-to-action with action words like 'Start Learning Now' or 'Get Certified Today'"", ""Add urgency with phrases like 'Limited Time Offer' or 'Enroll Today'"", ""Include social proof like '10,000+ students' or 'Industry-recognized'"", ""Add authority indicators like 'Expert-led' or 'Industry-certified'""]"
11,2025-08-22 11:17:15,Bing,Search Ad,Online Coding Course - Coding Course - Largest US Tech Bootcamp,,https://generalassemb.ly ‚Ä∫ Software ‚Ä∫ Coding,6,,,,11,64,Medium,NEUTRAL,0.5,Neutral,1.0,None,Low,[],0.05,6370,30.45,3.0,low,Mainstream,general,[],[],"[""coding"", ""course"", ""online"", ""largest"", ""tech""]",18.2,"[""certification"", ""job guarantee"", ""placement"", ""internship"", ""mentor""]","[""Increase engagement by adding power words like 'certified', 'expert', or 'proven'"", ""Strengthen call-to-action with action words like 'Start Learning Now' or 'Get Certified Today'"", ""Add urgency with phrases like 'Limited Time Offer' or 'Enroll Today'"", ""Include social proof like '10,000+ students' or 'Industry-recognized'"", ""Add authority indicators like 'Expert-led' or 'Industry-certified'""]"
22,2025-08-22 11:56:58,Bing,Search Ad,Online Coding Course - Coding Course - Largest US Tech Bootcamp,,https://generalassemb.ly ‚Ä∫ Software ‚Ä∫ Coding,1,,,,11,64,Medium,NEUTRAL,0.5,Neutral,1.0,None,Low,[],0.05,10690,24.78,3.0,low,Mainstream,general,[],[],"[""coding"", ""course"", ""online"", ""largest"", ""tech""]",18.2,"[""certification"", ""job guarantee"", ""placement"", ""internship"", ""mentor""]","[""Increase engagement by adding power words like 'certified', 'expert', or 'proven'"", ""Strengthen call-to-action with action words like 'Start Learning Now' or 'Get Certified Today'"", ""Add urgency with phrases like 'Limited Time Offer' or 'Enroll Today'"", ""Include social proof like '10,000+ students' or 'Industry-recognized'"", ""Add authority indicators like 'Expert-led' or 'Industry-certified'""]"
26,2025-08-22 11:56:58,Bing,Search Ad,Online Training Platforms - Training Automation Software,,https://cloudassess.com ‚Ä∫ uk ‚Ä∫ lms,5,,,,7,57,Difficult,NEUTRAL,0.5,Neutral,1.0,None,Low,[],0.05,11908,34.99,3.0,low,Mainstream,general,[],[],"[""training"", ""online"", ""platforms"", ""automation"", ""software""]",28.6,"[""certification"", ""job guarantee"", ""placement"", ""internship"", ""mentor""]","[""Increase engagement by adding power words like 'certified', 'expert', or 'proven'"", ""Strengthen call-to-action with action words like 'Start Learning Now' or 'Get Certified Today'"", ""Add urgency with phrases like 'Limited Time Offer' or 'Enroll Today'"", ""Include social proof like '10,000+ students' or 'Industry-recognized'"", ""Add authority indicators like 'Expert-led' or 'Industry-certified'""]"
27,2025-08-22 11:56:58,Bing,Search Ad,Online Coding Course - Coding Course - Largest US Tech Bootcamp,,https://generalassemb.ly ‚Ä∫ Software ‚Ä∫ Coding,6,,,,11,64,Medium,NEUTRAL,0.5,Neutral,1.0,None,Low,[],0.05,6521,41.78,3.0,low,Mainstream,general,[],[],"[""coding"", ""course"", ""online"", ""largest"", ""tech""]",18.2,"[""certification"", ""job guarantee"", ""placement"", ""internship"", ""mentor""]","[""Increase engagement by adding power words like 'certified', 'expert', or 'proven'"", ""Strengthen call-to-action with action words like 'Start Learning Now' or 'Get Certified Today'"", ""Add urgency with phrases like 'Limited Time Offer' or 'Enroll Today'"", ""Include social proof like '10,000+ students' or 'Industry-recognized'"", ""Add authority indicators like 'Expert-led' or 'Industry-certified'""]"
38,2025-08-22 11:58:11,Bing,Search Ad,Online Coding Course - Coding Course - Largest US Tech Bootcamp,,https://generalassemb.ly ‚Ä∫ Software ‚Ä∫ Coding,1,,,,11,64,Medium,NEUTRAL,0.5,Neutral,1.0,None,Low,[],0.05,4824,40.5,3.0,low,Mainstream,general,[],[],"[""coding"", ""course"", ""online"", ""largest"", ""tech""]",18.2,"[""certification"", ""job guarantee"", ""placement"", ""internship"", ""mentor""]","[""Increase engagement by adding power words like 'certified', 'expert', or 'proven'"", ""Strengthen call-to-action with action words like 'Start Learning Now' or 'Get Certified Today'"", ""Add urgency with phrases like 'Limited Time Offer' or 'Enroll Today'"", ""Include social proof like '10,000+ students' or 'Industry-recognized'"", ""Add authority indicators like 'Expert-led' or 'Industry-certified'""]"
42,2025-08-22 11:58:11,Bing,Search Ad,Online Training Platforms - Training Automation Software,,https://cloudassess.com ‚Ä∫ uk ‚Ä∫ lms,5,,,,7,57,Difficult,NEUTRAL,0.5,Neutral,1.0,None,Low,[],0.05,9915,45.44,3.0,low,Mainstream,general,[],[],"[""training"", ""online"", ""platforms"", ""automation"", ""software""]",28.6,"[""certification"", ""job guarantee"", ""placement"", ""internship"", ""mentor""]","[""Increase engagement by adding power words like 'certified', 'expert', or 'proven'"", ""Strengthen call-to-action with action words like 'Start Learning Now' or 'Get Certified Today'"", ""Add urgency with phrases like 'Limited Time Offer' or 'Enroll Today'"", ""Include social proof like '10,000+ students' or 'Industry-recognized'"", ""Add authority indicators like 'Expert-led' or 'Industry-certified'""]"
43,2025-08-22 11:58:11,Bing,Search Ad,Online Coding Course - Coding Course - Largest US Tech Bootcamp,,https://generalassemb.ly ‚Ä∫ Software ‚Ä∫ Coding,6,,,,11,64,Medium,NEUTRAL,0.5,Neutral,1.0,None,Low,[],0.05,9587,26.18,3.0,low,Mainstream,general,[],[],"[""coding"", ""course"", ""online"", ""largest"", ""tech""]",18.2,"[""certification"", ""job guarantee"", ""placement"", ""internship"", ""mentor""]","[""Increase engagement by adding power words like 'certified', 'expert', or 'proven'"", ""Strengthen call-to-action with action words like 'Start Learning Now' or 'Get Certified Today'"", ""Add urgency with phrases like 'Limited Time Offer' or 'Enroll Today'"", ""Include social proof like '10,000+ students' or 'Industry-recognized'"", ""Add authority indicators like 'Expert-led' or 'Industry-certified'""]"
